,MAE,RMSE,R2,Bias (obs - prev),Slope pred~obs,Intercept
ARIMAX,0.28581475820449037,0.37426501933708084,-0.03752873431603709,0.26360988722712725,0.280252010822823,2.6255784993282583
XGB,0.2873825899759929,0.37107725855102486,-0.019929930980199462,0.26809040069580087,0.3234208761171321,2.4478109657573452
SVR,0.2608368198734126,0.325594685833084,0.21477110247078468,0.14055162482060232,0.2137547677722663,3.0155677782135575
Ensemble (0.7 SVR + 0.3 ARIMAX),0.2574607158600792,0.33558489077642883,0.16584557848529258,0.1774691035425601,0.23370394068743347,2.8985709945479683
